Keyword,Mark_rating
accounting software for events,3
analytics event api,3
app event optimization,1
app event website,4
app marketing leader,4
app marketing tools,3
apps marketing analysis,2
apps marketing and advertising,3
attendee engagement,1
attendee engagement event,1
attendee engagement ideas,3
attendee engagement report,2
attendee engagement report teams live event,3
attendee event registration,2
attendee management,1
attendee management software,1
attendee management system,1
attendee management tools,1
attendee registration,1
attendee registration software,1
automation event in usa,2
best customer experience management software,1
best event automation software,1
best event booking software,2
best event experiences,2
best event management platform,1
best event management ticketing software,1
best event management ticketing software,2
best event production companies,2
best event production companies atlanta,5
best event production companies nyc,3
best event registration software for small business,1
best event ticketing platforms,2
best event ticketing platforms,1
best event ticketing sites,2
best event ticketing software,2
best event ticketing software,1
best event ticketing system,1
best event ticketing system plugin for wordpress,2
best event ticketing system plugin for wordpress,4
best event ticketing system plugin for wordpress,4
best experience management software,2
best free event registration software,2
best free event ticketing software,1
best free event ticketing software,3
best free online ticketing system,3
best free online ticketing system,3
best free ticket management system,2
best free ticketing software,2
best free ticketing system,3
best live event software,1
best low cost ticketing system,2
best marketing apps,2
best marketing apps for small business,3
best online event management platform,1
best online event ticketing system,1
best online event ticketing system,1
best project management software for events,3
best ticketing system for events,2
best virtual event software platforms,3
boost attendee engagement,1
canadian event registration software,3
charity event registration software,3
cheap event registration software,2
check in software for events,1
church event registration software,3
closed captioning software for live events,4
cloud-based event management platform,1
collect event payments online,3
complete event management platform,1
critical event management platform,1
customer engagement brand management,4
customer engagement management system,1
customer experience event london,3
customer experience management,2
customer experience management and software,1
customer experience management kpis,3
customer experience management software,1
customer experience management tools,2
customer experience management vendors,4
data event automation marketing cloud,2
digital event production companies,2
digital event ticketing,2
digital experience management software,1
easy software experience management,4
engagement event management,1
engagement event management near me,4
engagement management analyst,4
engagement management coordinator,4
engagement management gamification,2
engagement management plan,3
engagement management platform,1
engagement management process,2
engagement management services,2
engagement management software,1
engagement management system,1
engagement management system (ems),1
engagement management tool,1
engagement performance management,1
event accounting software,3
event agenda app,1
event analytics,1
event analytics android,4
event analytics dashboard,3
event analytics data,2
event analytics platform,1
event analytics platforms,1
event analytics software,1
event and experience management,1
event and experience marketing,2
event and technology,4
event android app,2
event app attendee engagement,1
event app benefits,2
event app bible,4
event app case study,2
event app companies,1
event app comparison,1
event app demo,1
event app design,4
event app development,4
event app facebook,3
event app features,2
event app for android,3
event app for conferences,1
event app free,2
event app function,3
event app gamification,3
event app interactive,1
event app ios,3
event app london,3
event app maker,3
event app platform,1
event app providers,2
event app software,1
event app sponsorship,3
event app statistics,3
event apps free,3
event attendance app,1
event attendance software,1
event attendee analytics,1
event attendee app,1
event attendee experience,1
event attendee management,1
event attendee management system,1
event attendee registration form,3
event automation platform,1
event automation software,1
event automation software,1
event based automation,2
event booking software free,2
event budgeting software,2
event calendar software,2
event card payments,1
event coordinator experience,4
event coordinator no experience,2
event coordinator work experience,4
event correlation and automation,3
event design and experience,2
event design software,4
event diagram software,3
event digital experience,2
event entertainment experience,2
event experience,1
event experience agency,2
event experience company,1
event experience elements,3
event experience examples,3
event experience group,3
event experience ideas,2
event experience jobs,4
event experience manager,4
event experience manager job description,4
event experience marketing,2
event experience objectives,3
event experience pdf,3
event experience planner,1
event experience planning,1
event experience platform,1
event experience questionnaire,2
event experience report,2
event experience research,2
event experience survey,2
event experience tips,2
event experience trends,2
event floor plan software,4
event flow experience,2
event guest app,1
event guide app,1
event highlights app,3
event hosting app,1
event insight app,1
event invite app,2
event itinerary app,1
event layout app,2
event layout software,4
event layout software free,4
event listing software,4
event live app,1
event logistics software,2
event management accounting software,4
event management admin software,2
event management agency,2
event management analytics,1
event management app,1
event management app,1
event management automation,1
event management best practices,2
event management blog,2
event management books,2
event management budget software,1
event management business,1
event management business plan pdf,4
event management business plan ppt,3
event management career,4
event management certification,3
event management companies,1
event management companies near me,1
event management company flyer,4
event management company franchise,4
event management company how to start,4
event management company list,4
event management company marketing plan,3
event management company marketing strategy,3
event management company names,1
event management company names,3
event management company near me,3
event management company pdf,4
event management company ppt,4
event management company presentation,4
event management company reviews,4
event management company services,4
event management company services list,4
event management company technology,4
event management company website,2
event management course,4
event management design software,3
event management during covid,3
event management examples,3
event management for music concerts,2
event management for nonprofits,1
event management framework,2
event management functions,3
event management goals and objectives,3
event management group,3
event management hubspot,4
event management industry,3
event management internships,4
event management invoicing software,3
event management jobs,4
event management jobs near me,4
event management linkedin,4
event management logistics,2
event management meaning,3
event management near me,2
event management no experience,2
event management online,2
event management platform,1
event management platform definition,2
event management platform free,2
event management platform software,2
event management platforms for nonprofits,2
event management process,3
event management programs,3
event management proposal,4
event management requirements,3
event management software,1
event management software benefits,3
event management software best,2
event management software blog,3
event management software buyers guide,2
event management software companies,2
event management software comparison,3
event management software cost,2
event management software email,4
event management software examples,3
event management software features,2
event management software for events,4
event management software for events,1
event management software for hotels,3
event management software for schools,3
event management software for small business,1
event management software for venues,2
event management software free,1
event management software free download,3
event management software g2,2
event management software gartner,2
event management software in us,2
event management software industry,3
event management software it,3
event management software magic quadrant,4
event management software market trends,4
event management software online,3
event management software options,2
event management software platforms,1
event management software salesforce integration,4
event management software uk,3
event management software wordpress,3
event management solutions,1
event management system,1
event management system ems,2
event management team,2
event management technology,1
event management technology for dummies,2
event management template,3
event management ticketing software,1
event management ticketing software,1
event management ticketing system,1
event management tools,1
event management training,3
event management university,3
event management volunteer,4
event management vs event production,4
event management website,2
event management work experience,4
event management workflow,3
event mapping software,3
event marketing analytics,2
event marketing and planning,2
event marketing and sponsorship,2
event marketing articles,4
event marketing automation,2
event marketing basics,3
event marketing benefits,3
event marketing best practices,3
event marketing blog,4
event marketing brand experience,3
event marketing budget,4
event marketing companies,1
event marketing during covid,2
event marketing examples,2
event marketing experience,2
event marketing features,2
event marketing firms,2
event marketing flyer,4
event marketing for b2b,3
event marketing for nonprofits,2
event marketing forbes,3
event marketing growth,2
event marketing guide,4
event marketing how to successfully promote events,3
event marketing lead generation,3
event marketing london,3
event marketing los angeles,3
event marketing manager,3
event marketing metrics,3
event marketing no experience jobs,3
event marketing on facebook,4
event marketing on linkedin,4
event marketing on social media,4
event marketing online,2
event marketing plan,2
event marketing plan pdf,4
event marketing platforms,1
event marketing program,2
event marketing specialist,3
event marketing strategy,3
event marketing technology,2
event marketing tools,2
event marketing trends,2
event marketing uk,4
event marketing via email,4
event marketing vs event management,2
event marketing websites,3
event master software,3
event mobile app,1
event networking app,2
event networking software,3
event networking technology,3
event notification app,2
event notification software,2
event online ticket system,2
event operations software,2
event order software,2
event organiser app,2
event organisers & production,3
event organization ticketing,3
event organizer app,1
event organizer app iphone,3
event organizer experience,2
event organizer payments,4
event organizer software,2
event payments,1
event payments online,1
event planner jobs no experience,2
event planner no experience,2
event planner software,1
event planner use technology,3
event planning and management,1
event planning app,1
event planning app for friends,2
event planning automation,1
event planning budget,3
event planning business,3
event planning companies,2
event planning contract,2
event planning design software,4
event planning experience,1
event planning firms,2
event planning flyer,3
event planning food and beverage calculator,3
event planning for beginners,2
event planning for dummies,2
event planning guide,3
event planning how to,4
event planning kit,3
event planning kpis,3
event planning logistics,2
event planning no experience jobs,3
event planning operations software,3
event planning organizations,3
event planning process,4
event planning programs,3
event planning requirements,3
event planning resources,3
event planning responsibilities,3
event planning schools,3
event planning services,1
event planning software,1
event planning software,1
event planning software best,1
event planning software free,1
event planning software names,3
event planning software online,2
event planning technology,1
event planning university,3
event planning vendors,1
event planning virtual assistant,3
event planning volunteer opportunities,3
event planning vs event management,2
event planning website,2
event production austin tx,5
event production budget,2
event production business,2
event production checklist,4
event production companies,3
event production companies atlanta,5
event production companies auckland,5
event production companies austin,5
event production companies australia,5
event production companies bay area,5
event production companies birmingham,5
event production companies boulder co,5
event production companies bristol,5
event production companies charlotte nc,4
event production companies chicago,5
event production companies columbia sc,4
event production companies columbus ohio,4
event production companies dallas,4
event production companies dc,4
event production companies denver,4
event production companies dubai,4
event production companies houston,4
event production companies in arizona,5
event production companies in atlanta,5
event production companies in bangalore,5
event production companies in boston,5
event production companies in california,3
event production companies in dc,3
event production companies in dubai,4
event production companies in los angeles,4
event production companies in manila,4
event production companies in miami,5
event production companies in south florida,5
event production companies in usa,3
event production companies ireland,4
event production companies las vegas,5
event production companies near me,3
event production companies nyc,4
event production companies orlando,5
event production companies san diego,4
event production companies sarasota fl,5
event production companies uk,4
event production dallas,5
event production denver,5
event production directory,3
event production experience,1
event production group,3
event production ideas,5
event production las vegas,4
event production list,5
event production logistics,2
event production london,4
event production near me,2
event production new york,4
event production nyc,4
event production philadelphia,3
event production pittsburgh,4
event production services,2
event production software,2
event production systems,2
event production technologies,2
event production uk,4
event production usa,3
event production utah,5
event registration and badge printing software,3
event registration and management software,1
event registration and payment,1
event registration and payment software,1
event registration and ticketing software,1
event registration and ticketing software,2
event registration and ticketing software,1
event registration api,3
event registration app,1
event registration app,2
event registration app free,2
event registration app free,3
event registration application,2
event registration badge software,3
event registration best practices,3
event registration booking system,2
event registration check in software,1
event registration companies,1
event registration examples,4
event registration for wordpress,3
event registration free,3
event registration landing page,2
event registration link,3
event registration mailchimp,4
event registration on wordpress,3
event registration online free,3
event registration platforms,1
event registration reports,4
event registration services,1
event registration software,2
event registration software,1
event registration software best,1
event registration software comparison,3
event registration software for nonprofits,1
event registration software for small business,1
event registration software free,3
event registration software uk,3
event registration survey questions,3
event registration system local church,3
event registration systems,1
event registration tool,1
event registration upenn,4
event registration website,2
event registration website free,3
event registration with payment,2
event registration wordpress,3
event reminder app,2
event rsvp app,1
event seating software,4
event software auction,4
event software best,1
event software companies,1
event software comparison,3
event software for nonprofits,1
event software for wordpress,2
event software free,2
event software online,2
event software platforms,1
event software products,4
event software programs,3
event software providers,3
event software solutions,1
event software tools,1
event software uk,3
event software wordpress,3
event sourcing software,3
event staffing software,1
event tech software,2
event technology blog,4
event technology companies,2
event technology consulting,3
event technology events,4
event technology examples,4
event technology for events,2
event technology ideas,2
event technology options,1
event technology platforms,1
event technology services,2
event technology software,1
event technology solutions las vegas,4
event technology specialist,4
event ticketing,1
event ticketing agencies,2
event ticketing and registration,2
event ticketing api,3
event ticketing app,2
event ticketing app,1
event ticketing blog,4
event ticketing companies,2
event ticketing company,1
event ticketing ecommerce,1
event ticketing for charities,2
event ticketing for nonprofits,2
event ticketing free,3
event ticketing industry,4
event ticketing online,3
event ticketing online,1
event ticketing platform,1
event ticketing platforms,2
event ticketing portal,3
event ticketing services,2
event ticketing sites,2
event ticketing sites,2
event ticketing software,2
event ticketing software,2
event ticketing software,1
event ticketing software free,3
event ticketing software free,2
event ticketing software uk,3
event ticketing system,2
event ticketing system comparison,3
event ticketing system comparison,4
event ticketing system free,3
event ticketing system free,3
event ticketing system free,2
event ticketing system software,2
event ticketing system software,3
event ticketing system wordpress,3
event ticketing system wordpress,4
event ticketing system wordpress,4
event ticketing systems,2
event ticketing systems,2
event ticketing tool,2
event ticketing website,3
event ticketing website,2
event ticketing website template,4
event ticketing wordpress,3
event tracker app,2
event tracker software,2
event tracking app,2
event tracking software,2
event venue app,1
event venue experience,3
event venue production,4
event venue registration,2
event venue software,2
event visualisation software,2
event voting app,2
event work experience,4
event-based automation series mailchimp,4
events software for mac,4
experience event center,1
experience for event planner,3
experience in event management,2
experience in event planning,2
experience lifecycle management,2
experience management and marketing,1
experience management campaign,3
experience management companies,2
experience management conference,1
experience management events,1
experience management gartner,4
experience management growth,3
experience management software,1
experience management software gartner,4
experience management suite (xms),2
experience management system,2
experience management technologies,2
experience management trends,4
facility engagement management system,3
festival design software,1
festival event management software,1
festival layout software,3
festival management software,1
festival planning software,1
festival pro software,1
festival project management software,2
festival schedule software,2
festival site map software,2
festival site plan software,3
free business ticketing system,4
free cloud based ticketing system,2
free cloud ticketing system,2
free crm ticketing system,2
free customer service ticketing system,2
free customer ticketing system,2
free digital ticketing system,3
free e-ticketing system,2
free email based ticketing system,4
free email ticketing software,4
free enterprise ticketing system,3
free event management software for nonprofits,1
free event registration software for nonprofits,2
free event ticketing,2
free event ticketing app,2
free event ticketing platform,2
free event ticketing software,2
free event ticketing system,2
free event ticketing system,2
free event ticketing system web based,2
free event ticketing system web based,3
free event ticketing system web based,2
free online event ticketing system,3
free online ticketing,2
free online ticketing platform,2
free online ticketing service,2
free online ticketing software,2
free online ticketing system,2
free registration software for events,4
free rsvp software for events,4
free simple ticketing system web based,2
free ticketing app,2
free ticketing application,2
free ticketing cms,3
free ticketing for events,1
free ticketing management system,1
free ticketing platform,2
free ticketing services,2
free ticketing software,2
free ticketing system,4
free ticketing system app,2
free ticketing system for events,1
free ticketing system for small business,4
free ticketing system online,2
free ticketing system software,2
free ticketing system web-based,4
free ticketing tool,2
free ticketing tool online,2
free ticketing website,2
global event production companies,2
golf event management software,3
how much does event management software cost,4
how to start an event management company,4
hybrid event experience,2
immersive event experience,2
live chat event software,3
live event management software,1
live event management software,1
live event production software,1
live event production university,3
live event software,1
live event streaming software,3
live event ticketing,2
live event ticketing companies,2
low cost event registration software,1
low fee ticket sites,2
low price tickets for concerts,3
lowest fee ticket sites,2
mailchimp event based automation,3
marketing app android,2
marketing app apple,2
marketing app for facebook,4
marketing app for small business,2
marketing app free,3
marketing app ideas,3
marketing app ios,2
marketing app mobile,3
marketing app small business,3
marketing applications,3
marketing apps artificial intelligence,2
marketing apps for small business,3
marketing automation apps,2
marketing based app,4
marketing business app,3
marketing management app,3
marketing your event,3
meeting attendee management software,2
mobile app marketing kpis,3
mobile app ticketing system,1
mobile apps online ticketing,2
mobile first ticketing,2
mobile only tickets,3
mobile payment features,1
mobile payment processing,2
mobile payments benefits,2
mobile payments companies,2
mobile payments conference 2021,1
mobile payments covid,2
mobile payments during covid,2
mobile payments ecosystem,1
mobile payments evolution,1
mobile payments examples,1
mobile payments fintech,2
mobile payments for small business,1
mobile payments future,3
mobile payments growth,2
mobile payments in the united kingdom,3
mobile payments methods,3
mobile payments platform,1
mobile payments quickpay,3
mobile payments report,4
mobile payments technology,1
mobile payments trends 2021,2
mobile payments website,2
mobile ticketing advantages,3
mobile ticketing app,1
mobile ticketing app dtc,5
mobile ticketing app statistics,1
mobile ticketing apps,1
mobile ticketing apps list,4
mobile ticketing at events,1
mobile ticketing booking,3
mobile ticketing chatbot app,4
mobile ticketing companies,2
mobile ticketing contactless,1
mobile ticketing dynamic pricing,2
mobile ticketing examples,3
mobile ticketing for events,1
mobile ticketing impact,4
mobile ticketing in sports,3
mobile ticketing iphone,4
mobile ticketing module,3
mobile ticketing on iphone,4
mobile ticketing options,3
mobile ticketing providers,3
mobile ticketing qr code,3
mobile ticketing service,2
mobile ticketing solutions,2
mobile ticketing system,1
mobile ticketing using nfc,2
mobile ticketing vendors,4
mobile ticketing website,2
music festival management software,1
music festival software,1
new event technology,1
nfc mobile ticketing,2
no experience event jobs,3
one event one app,2
online attendee management,1
online event management platform,1
online event registration software free,2
online event technology,1
online event ticketing platforms,3
online event ticketing software,1
online event ticketing system,3
online event ticketing system free,3
online event ticketing system free,2
online festival software,1
online free ticketing app,4
online live event software,1
online marketing app list,4
online registration software for events,1
online ticketing company,2
online ticketing system event,1
organic experience management group,3
paperless mobile ticketing system,1
payments canada event,3
payments europe event,3
payments event 2021,1
payments on event tickets,4
platform for event management,1
polling software for events,1
presentation software for live events,2
private label event ticketing software,3
project management software for events,3
quick mobile payment,1
registration app for events,1
registration platforms for events,1
registration software for events,1
registration systems for events,1
registration tool for events,1
registration tools for events,1
reservation software for events,1
rsvp software for events,1
scheduling software for events,2
school event ticketing system,2
self hosted event ticketing system,3
smart event and production qatar,3
software development festival,3
software for corporate events,2
software for event ticketing,1
software for event ticketing,1
software for events,1
software for events and conferences,1
software for events companies,1
software for events planning,1
software for hosting virtual events,2
software for live events,1
software for managing events,1
software for tracking events,1
software for virtual events,3
software hybride events,1
software in events,2
software solutions events,1
sports event management platform for college project,4
sports event management platform for colleges,2
start your own event management company,4
startup event technology,3
teams live event user experience,3
the event experience company,2
think digital event experience ibm,2
ticketing business company,5
ticketing company,2
ticketing company bangalore,5
ticketing company in abu dhabi,5
ticketing company in hong kong,5
ticketing company in malaysia,5
ticketing company in nepal,5
ticketing company in singapore,5
ticketing company in toronto,5
ticketing company list,4
ticketing company malaysia,5
ticketing company riyadh,5
ticketing company san francisco,5
ticketing company saudi,5
ticketing company toronto,5
ticketing event logistics,2
ticketing event management companies,1
ticketing software company,2
ticketing software for events,1
ticketing system mobile app,2
top event ticketing companies,2
top event ticketing software,2
top event ticketing software,2
ultimate event experience,2
ultimate event technology,2
virtual conference engagement ideas,3
virtual event engagement ideas,3
virtual event experience ideas,2
virtual event management platform,2
virtual event registration,4
virtual event software platforms,3
virtual event technology,3
virtual event ticketing,4
voting software for events,2
what is an event marketing specialist,4
what is attendee management,3
what is the best event registration software,1
what is the best event registration software,2
what is the best online ticketing system,3
what is the best ticketing system,3
what software do event planners use,1
what ticket company has the lowest fees,2
what ticket site has lowest fees,3
white label event ticketing software,1
white label event ticketing system,1
zoom event app,3